{"n_count":10000000,"computation_time_seconds":1489.36,"linear_regression":{"equation":"total_steps = 2.594375 * odd_steps + 21.546398","slope":2.594375,"intercept":21.546398,"r_squared":0.999466},"correlations":{"odd_steps_vs_total_steps":{"pearson_r":0.999733,"interpretation":"very strong positive correlation"},"odd_steps_vs_peak_value":{"pearson_r":0.009269,"r_squared":8.6e-05,"interpretation":"negligible positive correlation"}},"residuals":{"mean":0.0,"std_dev":1.427273,"variance":2.037107,"min":-21.546398,"min_at_n":1,"max":1.915481,"max_at_n":9994240,"distribution":{"-22":1,"-21":1,"-20":2,"-19":4,"-18":8,"-17":16,"-16":32,"-15":65,"-14":133,"-13":260,"-12":533,"-11":1087,"-10":2209,"-9":4505,"-8":9161,"-7":18680,"-6":38155,"-5":77702,"-4":158328,"-3":322372,"-2":656176,"-1":1335538,"0":2716145,"1":4340916,"2":317971}},"statistics":{"mean_odd_steps":51.544632,"mean_total_steps":155.272483,"mean_peak_value":127181610.49602}}